{
  "posts\\raw-data\\add_image_descriptions.py": 1776406098.9560483,
  "CLAUDE.md": 1776494952.1714835,
  "plans\\reachr-master-document.md": 1776249283.0484395,
  "plans\\session-handoff.md": 1776255521.8944187,
  "posts\\creator-research-jasmin-alic-april2026.md": 1776430915.9082325,
  "posts\\creator-research-justin-welsh-april2026.md": 1776422278.2670033,
  "posts\\creator-research-sop.md": 1776430927.0019522,
  "posts\\creator-research-vaibhav-sisinty-april2026.md": 1776410512.3075542,
  "posts\\creator-urls.md": 1776355325.7351248,
  "posts\\raw-data\\jasmin-alic-youtube-interviews-urls.txt": 1776426401.0385952,
  "posts\\raw-data\\justin-welsh-newsletter-urls.txt": 1776419755.3627048,
  "posts\\raw-data\\justin-welsh-youtube-top20-urls.txt": 1776419746.6639385,
  "posts\\raw-data\\vaibhav-sisinty-linkedin-formatted.txt": 1776406113.6694508,
  "posts\\raw-data\\vaibhav-sisinty-top50-youtube-urls.txt": 1776405167.4912078
}